Cluster	Recency	Frequency	Monetary
0	27.86660777	4.752208481	1956.185045
1	260.8166895	1.3625171	423.6450752
2	18	57.84	72769.2396
3	125.5782383	2.032124352	725.1610062
