Cluster,Recency,Frequency,Monetary
0,27.86660777385159,4.752208480565371,1956.1850454946996
1,260.81668946648426,1.362517099863201,423.64507523939807
2,18.0,57.84,72769.2396
3,125.57823834196891,2.032124352331606,725.1610062176167
